Grain #,,Area,equivalent_diameter,orientation,MajorAxisLength,MinorAxisLength,Perimeter,MinIntensity,MeanIntensity,MaxIntensity
1,,21601.25,165.84199020667364,84.81613862905593,254.9783789784051,184.61126473063393,6210.601835683024,[8 0 5],[87.20773103 75.19666686 81.63198889],[255 255 255]
2,,33.75,6.555290583552474,84.81613862905593,8.741038048900133,5.007151407051683,21.535533905932738,[167 165 165],[219.80740741 215.08888889 217.03703704],[255 248 247]
3,,17.75,4.753945931439391,84.81613862905593,5.92673958464492,4.128097018433676,16.571067811865476,[121 109 115],[222.30985915 216.71830986 218.09859155],[255 251 255]
4,,13.5,4.145929793656026,84.81613862905593,6.444409017699991,2.721991138787521,14.535533905932738,[113 103 103],[168.38888889 157.38888889 156.75925926],[192 181 181]
5,,4.5,2.393653682408596,84.81613862905593,3.0,1.9876159799998132,6.82842712474619,[209 202 200],[238.5        234.33333333 236.05555556],[255 254 255]
6,,5.5,2.6462837142006137,84.81613862905593,3.859933414323157,1.9481090608650824,8.535533905932738,[173 165 172],[236.63636364 232.45454545 232.        ],[255 255 255]
7,,6.0,2.763953195770684,84.81613862905593,3.7617228000410017,2.26126744648672,8.82842712474619,[63 62 78],[159.875      159.58333333 165.29166667],[206 198 203]
8,,71.5,9.541311620975605,84.81613862905593,12.124150658146466,8.530917236197052,36.45279579551077,[171 167 172],[242.20629371 243.17482517 246.8041958 ],[255 255 255]
9,,56.5,8.481629223064205,84.81613862905593,12.227279937891542,6.421688606406431,31.727922061357855,[170 171 181],[206.30973451 210.59292035 214.78761062],[250 246 250]
10,,39.75,7.1141599576634995,84.81613862905593,9.56329380413711,5.61174774125114,26.124368670764582,[70 70 84],[151.17610063 148.3081761  157.96226415],[176 173 182]
11,,17.5,4.720348719413148,84.81613862905593,5.625351220094178,4.045193062869937,14.899494936611665,[153 146 143],[206.11428571 206.7        213.9       ],[239 234 247]
12,,8.5,3.2897623212397704,84.81613862905593,4.364307791982687,2.767435608967332,10.863961030678928,[65 64 68],[188.52941176 183.47058824 187.58823529],[243 231 237]
13,,101.25,11.354096349090721,84.81613862905593,13.816534313908948,9.520679593625191,40.12741699796952,[59 54 69],[233.6962963  235.7654321  241.79259259],[255 255 255]
14,,28.75,6.050259243299904,84.81613862905593,7.122897076643727,5.335906546428005,20.31370849898476,[ 97 101 102],[154.75652174 151.94782609 159.4173913 ],[183 179 187]
15,,87.25,10.539931227391522,84.81613862905593,12.6403450233483,9.175667638572524,36.970562748477136,[90 85 87],[235.5730659  235.86246418 240.22063037],[255 255 255]
16,,50.0,7.978845608028654,84.81613862905593,11.214591739266062,5.957174843966341,29.67766952966369,[57 52 65],[218.6  221.81 227.57],[255 255 255]
17,,22.25,5.322553886092406,84.81613862905593,7.2683788869929336,4.727692340819607,20.917261889578032,[140 121 124],[195.97752809 185.69662921 185.70786517],[255 251 245]
18,,11.0,3.742410318509555,84.81613862905593,4.3209048784873,3.2782825386115633,11.485281374238571,[162 151 159],[212.77272727 216.06818182 221.88636364],[254 251 255]
19,,31.75,6.358093703724522,84.81613862905593,10.942749299958697,3.8244448614844626,25.849242404917497,[115 114 110],[231.78740157 231.77165354 238.40944882],[255 255 255]
20,,19.25,4.950743503369154,84.81613862905593,6.262975615129546,4.03751558839499,16.606601717798213,[122 116 135],[187.15584416 182.05194805 186.55844156],[249 234 232]
21,,30.25,6.206085419025319,84.81613862905593,9.56586713646207,4.7984539789140115,26.106601717798213,[122 120 120],[224.74380165 220.98347107 224.04132231],[255 255 255]
22,,2.75,1.8712051592547776,84.81613862905593,1.9999999999999998,1.734434911667174,4.82842712474619,[154 145 148],[190.09090909 182.63636364 188.54545455],[215 206 217]
23,,6.0,2.763953195770684,84.81613862905593,2.9835881066224332,2.595590664744743,7.82842712474619,[168 169 170],[206.375      200.04166667 199.66666667],[238 228 228]
24,,44.25,7.506054213402069,84.81613862905593,8.205182515477052,7.507856960867834,26.020815280171306,[177 179 187],[228.81920904 228.73446328 234.67231638],[255 255 255]
25,,17.5,4.720348719413148,84.81613862905593,5.894947254217677,4.135239910197405,17.79594154601839,[105 102  94],[226.58571429 225.18571429 226.57142857],[255 255 255]
26,,32.25,6.407961869245868,84.81613862905593,7.931084267789046,5.461361032076774,23.606601717798213,[175 174 184],[230.46511628 229.7751938  230.96899225],[255 255 255]
27,,1.75,1.4927053303604616,84.81613862905593,2.138089935299395,1.142857142857143,3.7071067811865475,[129 124 139],[172.         168.         178.14285714],[187 183 195]
28,,69.5,9.40692023773423,84.81613862905593,11.923153366358784,8.313051570291757,42.14518395093589,[105  94  97],[158.22302158 149.94964029 151.15107914],[187 179 180]
29,,6.5,2.876813695875796,84.81613862905593,3.629734930732394,2.544781308204224,9.65685424949238,[157 159 169],[189.03846154 187.26923077 191.11538462],[212 213 211]
30,,2.25,1.692568750643269,84.81613862905593,2.4037008503093262,1.314684396244359,4.224873734152917,[122 121 131],[165.         164.11111111 167.66666667],[184 185 195]
31,,205.5,16.175621361885174,84.81613862905593,18.860784284117898,14.300677308749053,58.94112549695428,[38 44 57],[168.92579075 170.41119221 176.55839416],[223 219 225]
32,,25.25,5.670035141386943,84.81613862905593,6.450477060385727,5.192784892670835,18.899494936611667,[153 162 189],[227.46534653 233.14851485 240.61386139],[255 255 255]
33,,7.0,2.985410660720923,84.81613862905593,3.834762213963085,2.4864339654215146,9.742640687119284,[134 130 141],[149.71428571 146.25       152.82142857],[166 162 167]
34,,10.25,3.6125759969217834,84.81613862905593,5.6230852117556545,2.4361341718221325,12.053300858899107,[94 87 90],[228.80487805 229.02439024 230.12195122],[255 255 255]
35,,4.5,2.393653682408596,84.81613862905593,3.3498550416986483,1.819157881311298,7.535533905932738,[148 138 138],[168.33333333 161.83333333 161.11111111],[196 194 200]
36,,24.5,5.585191925620057,84.81613862905593,6.037491471107892,5.249081983316522,17.985281374238568,[174 170 170],[219.19387755 215.70408163 216.03061224],[249 250 255]
37,,123.5,12.539740179716349,84.81613862905593,14.641347846583265,11.089416627404395,46.83452377915607,[42 39 48],[234.19433198 229.21052632 228.97773279],[255 255 255]
38,,8.5,3.2897623212397704,84.81613862905593,4.003630243212685,2.8604226156273835,10.242640687119286,[131 131 141],[164.5        158.23529412 164.44117647],[188 178 184]
39,,22.0,5.292567428401227,84.81613862905593,6.045465460073867,4.936463276993304,17.606601717798213,[179 187 204],[236.69318182 238.56818182 242.875     ],[255 255 255]
40,,7.0,2.985410660720923,84.81613862905593,4.052781748341112,2.2070066759437075,9.242640687119284,[173 175 186],[234.46428571 233.85714286 235.78571429],[255 255 255]
41,,12.75,4.029119531035698,84.81613862905593,4.430509180556999,3.824278480219761,12.363961030678928,[207 212 214],[240.37254902 243.01960784 246.29411765],[255 255 255]
42,,9.75,3.523362819972964,84.81613862905593,5.18045223042706,2.5820898885470265,12.431980515339465,[51 51 63],[187.41025641 185.43589744 192.41025641],[236 229 232]
43,,17.75,4.753945931439391,84.81613862905593,7.028246071682033,3.3477762169319765,16.710155108391486,[119 123 134],[220.87323944 220.78873239 224.85915493],[255 255 255]
44,,99.5,11.255546841497692,84.81613862905593,18.342827620329757,8.167217920332442,49.16295090390226,[86 75 71],[199.73115578 198.39447236 203.10552764],[255 251 255]
45,,12.5,3.989422804014327,84.81613862905593,4.710111885370571,3.6407205368293356,13.535533905932738,[135 132 137],[154.8  149.3  154.84],[175 169 179]
46,,14.75,4.3336224206596095,84.81613862905593,4.967263155946614,3.800498876763981,13.071067811865476,[131 125 118],[178.33898305 165.25423729 162.88135593],[217 205 195]
47,,10.5,3.656366395715726,84.81613862905593,5.5170138325455,2.7084683867247024,12.760407640085653,[195 197 198],[226.83333333 226.5        231.30952381],[255 254 255]
48,,35.75,6.746726148605861,84.81613862905593,12.067683007444016,4.030843040556979,27.81370849898476,[216 216 216],[242.41258741 244.38461538 248.53146853],[255 255 255]
49,,12.0,3.9088200952233594,84.81613862905593,6.450834880131855,2.4158605355135925,14.192388155425117,[116 119 127],[229.66666667 232.0625     237.35416667],[255 254 255]
50,,5.25,2.5854414729132054,84.81613862905593,3.230599183999131,2.093822005412276,7.82842712474619,[189 180 176],[223.66666667 212.14285714 204.66666667],[255 250 236]
51,,8.5,3.2897623212397704,84.81613862905593,4.358401656292309,2.514492812233607,9.949747468305834,[179 170 166],[228.17647059 220.67647059 223.73529412],[255 253 254]
52,,11.25,3.7846987830302403,84.81613862905593,4.950340374295695,3.048222603881726,12.65685424949238,[117 120 118],[229.44444444 230.17777778 232.51111111],[255 255 255]
53,,4.25,2.326213245840639,84.81613862905593,2.757337468764435,1.9850296417190971,6.82842712474619,[143 143 143],[159.82352941 153.52941176 154.47058824],[183 172 174]
54,,5.25,2.5854414729132054,84.81613862905593,2.7846156427490523,2.411447017848351,7.121320343559642,[144 146 170],[186.66666667 188.85714286 199.04761905],[226 220 233]
55,,29.5,6.128667601500942,84.81613862905593,8.090972876516226,4.818968245647497,22.192388155425114,[134 137 142],[244.89830508 243.78813559 245.90677966],[255 255 255]
56,,5.25,2.5854414729132054,84.81613862905593,3.055050463303893,2.144443856990039,7.121320343559642,[204 203 196],[233.80952381 231.9047619  232.57142857],[255 255 255]
57,,51.0,8.058239062071396,84.81613862905593,9.961394839104097,6.780178782053033,27.727922061357855,[153 152 162],[199.00980392 197.21568627 203.25980392],[241 243 248]
58,,6.0,2.763953195770684,84.81613862905593,3.3580016034734537,2.3455496176477473,8.121320343559642,[135 137 136],[140.54166667 140.20833333 139.91666667],[144 145 145]
59,,6.0,2.763953195770684,84.81613862905593,3.2922596735883607,2.300645710688264,7.82842712474619,[200 201 215],[225.91666667 226.33333333 231.70833333],[254 251 255]
60,,8.75,3.3377905890622728,84.81613862905593,3.7484590256640056,3.108328810493276,10.65685424949238,[192 197 203],[218.71428571 222.88571429 228.71428571],[249 244 248]
61,,7.5,3.0901936161855166,84.81613862905593,4.2584567715282375,2.333093162049703,9.846194077712559,[172 165 178],[197.46666667 196.33333333 206.56666667],[240 234 239]
62,,19.0,4.918490759365935,84.81613862905593,6.018518402952916,4.563845173832389,17.19238815542512,[77 72 69],[192.78947368 189.14473684 190.07894737],[245 252 255]
63,,12.75,4.029119531035698,84.81613862905593,5.131254066284243,3.471212565453415,14.899494936611665,[29 20 30],[193.84313725 187.41176471 190.56862745],[253 248 250]
64,,30.5,6.231677632421503,84.81613862905593,7.2307174747468155,5.862963731768796,21.31370849898476,[105 110 119],[204.44262295 209.31967213 215.93442623],[245 251 255]
65,,10.0,3.5682482323055424,84.81613862905593,4.532151178550684,2.9575506242094387,11.571067811865476,[141 133 134],[221.05 213.05 214.8 ],[255 245 247]
66,,8.25,3.2410224072142872,84.81613862905593,4.217075749883039,2.5108616827138968,9.82842712474619,[140 135 150],[160.63636364 161.03030303 166.03030303],[186 187 185]
67,,12.5,3.989422804014327,84.81613862905593,4.404443432813283,3.683595803986634,12.363961030678928,[ 93 100 115],[188.18 184.2  195.4 ],[245 231 246]
68,,34.5,6.627726932618989,84.81613862905593,8.067528357105623,5.912319672468674,23.538582233137674,[129 134 137],[238.15217391 241.56521739 244.53623188],[255 255 255]
69,,9.0,3.385137501286538,84.81613862905593,3.9193474436859694,2.988116308389347,10.242640687119284,[185 180 177],[229.52777778 224.02777778 223.19444444],[255 254 255]
70,,21.0,5.170882945826411,84.81613862905593,5.944621547532753,4.595475030547172,16.65685424949238,[115 100 108],[167.60714286 153.41666667 153.23809524],[198 179 174]
71,,78.5,9.997464891746821,84.81613862905593,13.840626809724693,8.284018824694972,41.52386360737625,[120 117 109],[229.8566879  225.27388535 225.72292994],[255 255 255]
72,,25.25,5.670035141386943,84.81613862905593,8.778196045772397,4.286023454473002,22.192388155425117,[138 130 130],[210.75247525 208.64356436 215.11881188],[249 240 251]
73,,8.25,3.2410224072142872,84.81613862905593,5.547118417932413,2.052323088153916,11.65685424949238,[182 186 177],[224.45454545 223.87878788 230.15151515],[255 255 255]
74,,8.25,3.2410224072142872,84.81613862905593,4.991450419031879,2.4037056897816016,11.431980515339465,[212 215 225],[246.54545455 247.54545455 249.42424242],[255 255 255]
75,,63.75,9.009385160867895,84.81613862905593,13.37734794995245,6.214785216719501,32.8492424049175,[113 114 120],[216.77254902 216.4745098  219.94117647],[255 255 255]
76,,8.5,3.2897623212397704,84.81613862905593,4.711559437023385,2.3796637087827377,10.778174593052022,[126 115 117],[192.97058824 182.14705882 183.5       ],[222 214 215]
77,,6.0,2.763953195770684,84.81613862905593,4.5486646564135285,1.753151086581898,9.535533905932738,[178 170 171],[234.45833333 226.29166667 225.875     ],[255 248 253]
78,,11.25,3.7846987830302403,84.81613862905593,4.637476246299644,3.1560229295227296,11.65685424949238,[178 176 168],[239.51111111 241.66666667 243.35555556],[255 255 255]
79,,34.5,6.627726932618989,84.81613862905593,13.322135187358322,5.123431714101425,32.902543263816604,[90 91 82],[209.25362319 197.57971014 196.04347826],[241 231 228]
80,,44.5,7.527227892173502,84.81613862905593,9.144226949760556,6.385736792657467,25.192388155425117,[183 176 183],[243.76966292 239.4494382  238.21348315],[255 255 255]
81,,21.75,5.262410103554244,84.81613862905593,7.36015366806638,4.271119239414157,20.020815280171306,[137 128 119],[160.14942529 148.85057471 148.28735632],[177 173 166]
82,,11.0,3.742410318509555,84.81613862905593,4.752801593169382,3.0562442772269183,12.071067811865476,[154 143 145],[232.75       230.47727273 232.09090909],[255 255 255]
83,,25.75,5.725898905580716,84.81613862905593,7.698639991235627,4.655970645831552,20.520815280171306,[116 120 121],[204.49514563 204.59223301 209.53398058],[243 235 247]
84,,45.5,7.611333607551958,84.81613862905593,9.602591949041306,6.289141432099418,26.31370849898476,[140 134 135],[220.32417582 213.54395604 215.88461538],[255 254 255]
85,,23.25,5.440847306724618,84.81613862905593,6.678761049357971,4.677555438181229,18.899494936611667,[100  93 100],[206.74193548 196.4516129  196.17204301],[239 228 231]
86,,228.0,17.03815178355966,84.81613862905593,24.876726252115194,11.883829924915167,68.6335136523794,[87 83 94],[240.27960526 238.71162281 241.46491228],[255 255 255]
87,,18.5,4.853342309955121,84.81613862905593,6.380684121824791,3.777284497169241,16.192388155425117,[107  99 106],[175.58108108 174.58108108 179.47297297],[239 236 245]
88,,15.25,4.406461512053774,84.81613862905593,4.99762905369175,4.24179185854014,14.65685424949238,[185 182 191],[246.14754098 247.         249.91803279],[255 255 255]
89,,12.25,3.949327084834294,84.81613862905593,6.164029568282869,2.7420992859934485,13.82842712474619,[141 140 150],[180.7755102  180.44897959 188.57142857],[236 222 228]
90,,11.0,3.742410318509555,84.81613862905593,5.192312085560533,2.795476452158339,12.65685424949238,[158 151 148],[236.15909091 234.56818182 237.22727273],[255 255 255]
91,,8.0,3.1915382432114616,84.81613862905593,4.182932242360325,2.710503247705566,10.535533905932738,[161 165 183],[202.625   200.8125  208.28125],[228 220 237]
92,,13.75,4.1841419359420025,84.81613862905593,4.8630686805255685,3.8136966340751024,13.65685424949238,[74 60 64],[225.38181818 223.10909091 229.29090909],[255 255 255]
93,,15.25,4.406461512053774,84.81613862905593,5.614813412996337,3.7966049249148006,15.692388155425117,[118 113 114],[204.75409836 203.01639344 209.16393443],[241 240 237]
94,,37.25,6.886811529393324,84.81613862905593,9.131112064372212,5.474892080618168,25.935028842544405,[75 63 69],[162.44295302 156.55033557 159.19463087],[205 193 202]
95,,3.75,2.1850968611841584,84.81613862905593,2.7472516788582206,1.8157788019070857,6.017766952966369,[142 145 148],[166.53333333 166.13333333 171.93333333],[209 212 226]
96,,4.75,2.4592453796829674,84.81613862905593,2.9730070594267684,2.311721114097274,7.621320343559642,[131 131 137],[161.63157895 154.73684211 158.94736842],[185 175 178]
97,,18.5,4.853342309955121,84.81613862905593,6.948755747120891,3.6993032721132364,18.727922061357855,[61 53 63],[192.64864865 182.97297297 183.58108108],[255 250 254]
98,,91.5,10.793582275744573,84.81613862905593,13.381952805259846,10.59099105156766,50.7842712474619,[93 87 92],[213.57650273 206.81420765 206.86885246],[255 255 255]
99,,24.0,5.527906391541368,84.81613862905593,6.019837379139797,5.598495793597913,21.435028842544405,[50 39 35],[147.67708333 142.25       146.55208333],[206 194 193]
100,,55.75,8.42514715711158,84.81613862905593,11.507101775670487,8.17381220984565,43.577164466275356,[110 108 114],[237.04035874 237.60538117 244.31838565],[255 255 255]
101,,12.0,3.9088200952233594,84.81613862905593,4.901877824264419,3.313911655830823,12.553300858899107,[201 196 192],[226.04166667 221.875      222.83333333],[255 252 255]
102,,28.75,6.050259243299904,84.81613862905593,9.050568175235146,4.400441872503792,22.727922061357855,[125 112 120],[177.31304348 173.97391304 178.66086957],[212 201 208]
103,,21.5,5.232078956954491,84.81613862905593,8.68475446278926,3.407214755877349,20.33147545195113,[116 108 115],[211.6627907  203.3255814  203.23255814],[243 237 241]
104,,235.0,17.297725082009,84.81613862905593,20.32696825757974,15.12502332798816,63.648232278140824,[63 64 74],[205.04468085 208.83723404 216.15957447],[255 252 255]
105,,23.5,5.4700209598571305,84.81613862905593,6.606146965173808,4.9369789508259805,18.79594154601839,[129 130 144],[213.28723404 214.39361702 219.71276596],[255 255 255]
106,,17.75,4.753945931439391,84.81613862905593,6.34656388215829,3.6670117174214907,16.071067811865476,[212 208 213],[244.15492958 245.85915493 247.66197183],[255 255 255]
107,,146.0,13.63425735166143,84.81613862905593,14.84823266161678,13.112656737295923,53.2842712474619,[60 48 46],[162.19349315 147.49657534 143.00513699],[192 173 170]
108,,319.75,20.177173846430236,84.81613862905593,47.221988238017104,11.667549882314969,132.36753236814712,[ 90  91 100],[230.58795934 230.22126661 232.98827209],[255 255 255]
109,,4.0,2.256758334191025,84.81613862905593,3.1622776601683795,1.5612494995995996,6.414213562373096,[174 167 158],[215.875 206.625 206.875],[243 234 225]
110,,4.5,2.393653682408596,84.81613862905593,2.6929652409806843,2.112815087409661,6.535533905932737,[102  95  92],[154.33333333 142.55555556 139.05555556],[171 156 153]
111,,45.25,7.590394548326596,84.81613862905593,9.715350503269203,6.3973834836215175,30.28122292025696,[62 52 60],[148.0718232  144.38121547 150.46961326],[185 180 188]
112,,68.75,9.356025796273888,84.81613862905593,10.234145426534687,8.918381034756319,33.8492424049175,[38 40 48],[224.74181818 214.24727273 212.57454545],[255 254 255]
113,,6.75,2.9316150714175193,84.81613862905593,3.70529477110687,2.32579805928392,8.82842712474619,[139 142 146],[162.25925926 161.62962963 166.14814815],[189 184 185]
114,,8.25,3.2410224072142872,84.81613862905593,3.5471694742102375,3.109533035700179,10.449747468305834,[133 128 130],[237.87878788 231.81818182 234.03030303],[255 254 255]
115,,3.0,1.9544100476116797,84.81613862905593,2.511805150024047,1.69861100101145,5.431980515339464,[127 122 124],[219.66666667 211.16666667 210.91666667],[250 238 235]
116,,4.25,2.326213245840639,84.81613862905593,3.3528150720095025,1.7202683321006658,6.603553390593274,[219 215 214],[246.29411765 243.29411765 246.52941176],[255 255 255]
117,,13.0,4.068428945128219,84.81613862905593,4.7976029223821985,3.610576219527793,13.260407640085653,[112 111 115],[236.34615385 241.05769231 246.15384615],[255 255 255]
118,,4.75,2.4592453796829674,84.81613862905593,2.8594402613323755,2.3255298162993907,8.13908729652601,[155 149 150],[181.         173.21052632 175.57894737],[197 195 195]
119,,8.25,3.2410224072142872,84.81613862905593,4.678315463188255,2.283299422821767,10.63908729652601,[227 221 220],[245.75757576 246.78787879 247.42424242],[255 255 255]
120,,11.25,3.7846987830302403,84.81613862905593,5.825012221410779,2.913925362029165,14.071067811865476,[69 65 64],[182.04444444 179.6        186.17777778],[220 222 230]
121,,4.75,2.4592453796829674,84.81613862905593,2.939534400440434,2.1473739941971375,7.535533905932738,[184 172 170],[195.36842105 182.73684211 180.57894737],[245 227 228]
122,,68.75,9.356025796273888,84.81613862905593,10.652294399078595,8.612400970788563,33.970562748477136,[133 136 141],[229.2        232.01454545 236.63636364],[255 255 255]
123,,5.25,2.5854414729132054,84.81613862905593,2.915759291956348,2.361238077161884,7.82842712474619,[136 134 136],[146.71428571 141.76190476 147.19047619],[164 157 164]
124,,45.5,7.611333607551958,84.81613862905593,12.75889606943759,4.852799251075267,31.988329701443508,[99 88 90],[220.86263736 210.62087912 208.2967033 ],[255 245 251]
125,,88.25,10.600159896099592,84.81613862905593,12.616359622214675,9.591556869768489,39.57716446627535,[79 76 68],[196.63739377 185.60906516 181.90084986],[255 253 255]
126,,28.0,5.970821321441846,84.81613862905593,10.37167053000295,3.564798332551537,23.899494936611664,[107 102 117],[172.27678571 171.11607143 178.52678571],[203 199 210]
127,,6.5,2.876813695875796,84.81613862905593,4.294488984960829,2.074349654283872,8.949747468305834,[175 175 172],[234.38461538 234.96153846 237.11538462],[255 255 255]
128,,26.0,5.753627391751592,84.81613862905593,6.301230196977104,5.310002375106699,18.692388155425117,[118 110 110],[176.26923077 166.77884615 165.75      ],[220 208 204]
129,,10.5,3.656366395715726,84.81613862905593,6.2732698350057525,2.4294693669341245,14.588834764831844,[69 71 71],[158.19047619 155.52380952 157.88095238],[196 192 197]
130,,12.0,3.9088200952233594,84.81613862905593,6.132140057977947,2.687286937995273,14.399494936611665,[64 67 75],[144.5        141.27083333 144.1875    ],[178 176 176]
131,,16.75,4.61809077155419,84.81613862905593,5.416326412532773,4.308757456285087,16.48528137423857,[124 122 122],[158.73134328 153.11940299 155.73134328],[172 168 169]
132,,5.75,2.7057581899030048,84.81613862905593,3.8464468590281697,1.943125067894859,8.535533905932738,[194 193 195],[244.2173913  242.86956522 240.04347826],[255 255 255]
133,,6.75,2.9316150714175193,84.81613862905593,4.1609751084299536,2.195613097530996,9.553300858899107,[140 131 127],[206.7037037  200.55555556 197.81481481],[238 234 243]
134,,1.0,1.1283791670955126,84.81613862905593,1.618033988749895,0.6180339887498949,2.2071067811865475,[238 237 239],[245.   245.25 247.5 ],[252 252 255]
135,,14.0,4.222008245644752,84.81613862905593,4.868123409241025,3.7211950821942237,13.363961030678928,[118 121 125],[222.71428571 225.21428571 230.73214286],[255 255 255]
136,,4.5,2.393653682408596,84.81613862905593,2.9101779674908435,2.211083193570267,7.535533905932738,[232 231 239],[252.66666667 250.16666667 250.5       ],[255 255 255]
137,,33.5,6.530966601401967,84.81613862905593,8.677123920530434,6.744634912793753,31.091883092036785,[79 69 69],[234.54477612 230.55970149 229.17164179],[255 255 255]
138,,125.0,12.6156626101008,84.81613862905593,19.722980023079078,10.459593634994793,62.52691193458119,[63 69 74],[222.878 225.728 231.23 ],[255 255 255]
139,,126.75,12.70366530947592,84.81613862905593,15.792882912315068,10.368664439660831,44.60965004500315,[52 47 47],[163.73372781 156.9408284  158.22485207],[199 195 195]
140,,5.5,2.6462837142006137,84.81613862905593,3.2186142250603442,2.1407174569685226,7.535533905932737,[214 215 206],[247.04545455 244.5        244.45454545],[255 255 255]
141,,301.75,19.601021213799942,84.81613862905593,28.49769818997061,22.907293746649177,132.76397897755385,[64 51 53],[219.90057995 216.36122618 216.93289147],[255 255 255]
142,,6.75,2.9316150714175193,84.81613862905593,4.14185306400764,2.120526043131722,9.242640687119284,[158 149 151],[209.51851852 198.51851852 198.7037037 ],[249 237 237]
143,,6.25,2.8209479177387813,84.81613862905593,3.284317084686199,2.479447778687493,8.449747468305832,[100  93  96],[175.28 167.04 169.04],[216 208 209]
144,,10.0,3.5682482323055424,84.81613862905593,4.501155423916797,2.83100686147957,10.949747468305834,[179 183 184],[245.875 248.025 247.625],[255 255 255]
145,,9.75,3.523362819972964,84.81613862905593,3.771945701125206,3.3962367869214725,10.742640687119284,[165 149 150],[189.         178.84615385 180.46153846],[216 205 201]
146,,7.25,3.0382538898732494,84.81613862905593,5.2518888607638825,2.1686488762099128,10.431980515339463,[184 184 190],[245.79310345 245.24137931 246.5862069 ],[255 255 255]
147,,14.25,4.259537945889915,84.81613862905593,5.848421017239729,3.242488383273825,14.553300858899107,[176 170 168],[212.43859649 200.15789474 200.        ],[243 227 231]
148,,134.5,13.086279790944385,84.81613862905593,20.263868377206677,9.341526332868444,55.52691193458119,[63 61 67],[229.69702602 230.12267658 232.80483271],[255 255 255]
149,,3.75,2.1850968611841584,84.81613862905593,2.890392725371202,1.7387948904051371,6.535533905932738,[237 229 219],[249.2 244.  242.6],[255 255 255]
150,,45.75,7.632215220473915,84.81613862905593,8.957658556732687,6.704787693805089,25.97056274847714,[131 120 122],[236.83060109 232.7431694  231.78142077],[255 255 255]
151,,41.75,7.2909362219603215,84.81613862905593,9.003014428456428,6.626958572582419,29.970562748477136,[115 104 107],[201.4251497  198.49700599 198.79640719],[248 253 255]
152,,41.0,7.225151993843567,84.81613862905593,10.04394121645643,5.510708334812604,27.67766952966369,[57 53 65],[224.79878049 225.65853659 230.04878049],[255 255 255]
153,,7.75,3.141274657157109,84.81613862905593,3.96487575792696,2.589671628217964,9.949747468305832,[179 183 184],[237.03225806 239.74193548 241.67741935],[255 255 255]
154,,96.75,11.098915530497878,84.81613862905593,12.78020733776992,10.002582025205642,41.00609665440987,[130 126 125],[232.81912145 234.64599483 239.33850129],[255 255 255]
155,,16.5,4.583497844237541,84.81613862905593,5.073557176709485,4.339164347532647,15.071067811865474,[137 126 129],[166.63636364 156.25757576 155.6969697 ],[200 186 180]
156,,11.25,3.7846987830302403,84.81613862905593,4.703881207973189,3.0645597192149343,11.65685424949238,[202 209 218],[238.06666667 238.15555556 243.22222222],[255 255 255]
157,,104.0,11.507254783503184,84.81613862905593,15.598134823262155,8.686468285243647,40.62741699796952,[175 176 180],[235.11778846 235.03605769 236.91105769],[255 255 255]
158,,12.25,3.949327084834294,84.81613862905593,5.786452828388505,2.889555922184858,13.65685424949238,[137 141 152],[189.18367347 190.32653061 197.97959184],[229 231 240]
159,,38.25,6.978639737521917,84.81613862905593,8.392899486425794,5.972569644769934,24.020815280171306,[19 16 18],[206.12418301 205.73856209 208.7124183 ],[255 255 255]
160,,7.5,3.0901936161855166,84.81613862905593,4.243232077661606,2.391532140605268,10.13908729652601,[113 112 121],[208.5        206.16666667 210.63333333],[244 241 250]
161,,14.0,4.222008245644752,84.81613862905593,4.985693819032899,3.8536690706549317,14.692388155425117,[47 48 52],[218.66071429 213.375      214.25      ],[255 250 254]
162,,16.5,4.583497844237541,84.81613862905593,7.608849893626152,3.00852541142302,17.27817459305202,[168 177 191],[216.63636364 221.25757576 230.8030303 ],[249 253 255]
163,,17.0,4.652426491681278,84.81613862905593,5.720219241060784,4.243622342824967,17.00304832720494,[68 62 63],[162.94117647 154.16176471 150.22058824],[204 193 189]
164,,64.5,9.062226582657155,84.81613862905593,9.54467568347953,8.93318959111817,32.384776310850235,[101  96  98],[160.36046512 154.52325581 157.75193798],[196 189 194]
165,,18.5,4.853342309955121,84.81613862905593,5.217275895253841,4.72407879616695,15.985281374238571,[95 91 90],[158.55405405 151.39189189 152.09459459],[195 189 190]
166,,42.75,7.377736139048903,84.81613862905593,8.479407411499814,6.518854504163068,25.935028842544405,[94 90 96],[219.99415205 219.0994152  220.74853801],[255 255 255]
167,,4.75,2.4592453796829674,84.81613862905593,2.758824405021216,2.3088343719519986,7.035533905932738,[179 164 165],[195.68421053 185.42105263 182.47368421],[219 211 211]
168,,100.5,11.311965976163641,84.81613862905593,15.511048026218477,9.5227024805182,50.991378028648455,[44 49 52],[199.64676617 198.08457711 201.83830846],[255 255 255]
169,,28.0,5.970821321441846,84.81613862905593,7.509408523917885,4.81891950041933,19.242640687119284,[107 105 111],[150.5        146.875      154.72321429],[170 165 175]
170,,12.5,3.989422804014327,84.81613862905593,5.097952688792399,3.246363870984636,13.071067811865476,[190 180 180],[228.62 221.18 217.34],[255 250 247]
171,,52.0,8.136857890256438,84.81613862905593,10.698115639657427,8.163542403342317,40.04163056034262,[156 154 161],[214.35096154 214.92788462 220.64903846],[255 255 255]
172,,16.5,4.583497844237541,84.81613862905593,7.973908412324456,3.022851210962124,18.27817459305202,[138 126 126],[175.83333333 169.24242424 176.5       ],[206 194 199]
173,,39.25,7.069275219628611,84.81613862905593,9.627043169768516,6.038443857465494,28.14213562373095,[86 78 79],[219.57324841 209.89171975 208.44585987],[255 255 255]
174,,22.75,5.382025607773058,84.81613862905593,8.271739946872895,3.7858387424170465,20.606601717798213,[103 102 104],[176.45054945 175.95604396 180.81318681],[211 208 213]
175,,7.5,3.0901936161855166,84.81613862905593,4.562221173084875,2.212972905158843,10.742640687119284,[120 112 113],[212.63333333 207.66666667 206.26666667],[254 249 248]
176,,50.75,8.03846421247924,84.81613862905593,11.75264448002562,6.708406876009345,36.8492424049175,[140 140 152],[240.01970443 242.04433498 245.50738916],[255 255 255]
177,,192.25,15.64545628849907,84.81613862905593,20.068190516514097,14.617867199521532,77.3050865276332,[70 69 71],[226.94408322 225.84005202 227.64759428],[255 255 255]
178,,11.25,3.7846987830302403,84.81613862905593,4.237012262792006,3.40447398790663,11.242640687119286,[125 123 129],[157.28888889 155.8        157.93333333],[195 194 190]
179,,64.5,9.062226582657155,84.81613862905593,11.264971873468165,7.883747231172009,35.59188309203678,[109 112 120],[237.54263566 236.31007752 238.95736434],[255 255 255]
180,,9.0,3.385137501286538,84.81613862905593,3.898611293408177,3.0522552451712897,10.535533905932738,[138 134 140],[169.44444444 167.16666667 175.27777778],[201 198 207]
181,,4.5,2.393653682408596,84.81613862905593,3.0371008105372446,1.9400188111514964,7.242640687119285,[191 187 193],[229.16666667 224.38888889 226.83333333],[255 254 255]
182,,136.0,13.159049284959082,84.81613862905593,14.268463480779921,12.751816223740486,50.00609665440987,[75 67 67],[169.36213235 169.73161765 174.98897059],[205 208 217]
183,,7.0,2.985410660720923,84.81613862905593,3.561350487231169,2.553598312137478,8.82842712474619,[186 187 185],[230.85714286 232.10714286 236.57142857],[255 254 255]
184,,2.5,1.7841241161527712,84.81613862905593,2.238508003259258,1.4384303665260436,4.724873734152917,[133 131 131],[181.9 176.3 176.7],[217 214 216]
185,,8.0,3.1915382432114616,84.81613862905593,4.807401842817956,2.3398344004801963,10.863961030678928,[204 191 199],[237.21875 235.21875 241.375  ],[255 254 255]
186,,5.0,2.5231325220201604,84.81613862905593,3.0328482601090787,2.198142723108155,7.742640687119286,[145 144 153],[219.1 220.  224.7],[255 255 255]
187,,195.25,15.767054928221077,84.81613862905593,22.408682471474407,12.71703301060877,72.46194077712559,[40 35 37],[217.44942382 212.62227913 213.77336748],[255 255 255]
188,,4.25,2.326213245840639,84.81613862905593,2.6116876312879445,2.0820175453482905,6.535533905932738,[145 142 149],[164.94117647 159.94117647 166.        ],[187 185 191]
189,,10.25,3.6125759969217834,84.81613862905593,3.8990174258606687,3.5301768423376334,12.071067811865476,[170 156 151],[216.41463415 207.58536585 209.12195122],[251 240 246]
190,,4.5,2.393653682408596,84.81613862905593,3.104149193098586,1.986077717654987,7.242640687119285,[216 211 212],[242.61111111 238.44444444 239.66666667],[255 254 254]
191,,80.75,10.139728459745083,84.81613862905593,12.672642377486618,8.750320384927921,40.09188309203678,[65 60 62],[232.04643963 234.17956656 239.70278638],[255 255 255]
192,,5.5,2.6462837142006137,84.81613862905593,2.857586338231496,2.4544414770331784,7.535533905932737,[182 178 184],[242.95454545 245.54545455 247.22727273],[255 255 255]
193,,11.0,3.742410318509555,84.81613862905593,4.803451150596695,2.962436598064218,11.949747468305834,[178 181 182],[203.06818182 205.02272727 207.25      ],[233 229 232]
194,,9.25,3.431831258788849,84.81613862905593,4.01663454701044,2.9834507779898862,10.535533905932738,[154 145 136],[209.13513514 197.7027027  195.91891892],[238 222 229]
195,,11.25,3.7846987830302403,84.81613862905593,5.415021741254105,2.6790469626651032,12.363961030678928,[149 145 150],[223.53333333 220.04444444 225.8       ],[255 251 255]
196,,8.5,3.2897623212397704,84.81613862905593,4.530765708863755,2.5616649838158354,10.949747468305832,[174 167 162],[204.44117647 194.76470588 193.02941176],[249 231 230]
197,,14.0,4.222008245644752,84.81613862905593,6.3941259044715615,2.9451362255680955,15.98528137423857,[88 84 96],[168.76785714 156.17857143 154.23214286],[197 183 187]
198,,5.75,2.7057581899030048,84.81613862905593,2.989197228250986,2.643687871872726,8.742640687119286,[148 140 141],[171.95652174 160.17391304 158.47826087],[193 181 179]
199,,61.5,8.848967849484623,84.81613862905593,10.750468630584615,7.579531828172777,31.263455967290593,[187 176 178],[240.93495935 239.09349593 241.69105691],[255 255 255]
200,,11.75,3.8678889139475245,84.81613862905593,4.617866419289318,3.2778223181901422,12.36396103067893,[165 164 174],[242.06382979 239.87234043 243.29787234],[255 255 255]
201,,8.5,3.2897623212397704,84.81613862905593,4.48455321439576,2.462070845421694,10.535533905932738,[215 218 226],[246.32352941 244.35294118 247.76470588],[255 254 255]
202,,15.5,4.442433223290478,84.81613862905593,5.40276302949703,4.036456618386439,15.278174593052022,[171 168 171],[197.77419355 192.79032258 199.46774194],[242 235 242]
203,,10.5,3.656366395715726,84.81613862905593,6.007496518308373,2.2280950049807693,12.65685424949238,[139 146 163],[208.69047619 210.04761905 218.16666667],[255 252 255]
204,,35.0,6.6755811781245455,84.81613862905593,7.239331232897743,6.409673941401787,23.14213562373095,[85 83 82],[205.10714286 198.51428571 198.2       ],[255 255 255]
205,,33.25,6.506551687525748,84.81613862905593,8.353585097857575,5.1442387541534345,22.606601717798213,[52 38 42],[158.81203008 148.42857143 148.93984962],[189 172 179]
206,,5.25,2.5854414729132054,84.81613862905593,3.2553515894396146,2.0770774311477447,7.535533905932738,[177 177 184],[220.85714286 217.76190476 221.76190476],[255 254 255]
207,,6.25,2.8209479177387813,84.81613862905593,3.8793704886903138,2.0684498087888605,8.535533905932738,[165 157 157],[206.84 202.4  211.8 ],[231 232 246]
208,,168.5,14.647213499088313,84.81613862905593,26.201859666866728,9.164094691596489,78.18681451127851,[59 58 68],[224.86795252 229.32344214 235.41839763],[255 255 255]
209,,13.75,4.1841419359420025,84.81613862905593,5.940763843757055,3.0514951209808707,14.121320343559642,[136 130 139],[179.78181818 171.69090909 172.92727273],[212 204 212]
210,,72.25,9.591222920311857,84.81613862905593,12.190594096956971,8.756444467197046,37.50609665440987,[126 122 127],[213.1384083  214.65743945 222.20761246],[255 255 255]
211,,32.25,6.407961869245868,84.81613862905593,9.29297896072418,4.9990580208365625,25.14213562373095,[ 97 101 106],[185.79069767 180.62790698 182.55813953],[255 255 255]
212,,8.5,3.2897623212397704,84.81613862905593,3.926759640033371,2.8074181718598195,10.13908729652601,[194 192 184],[225.35294118 224.67647059 223.94117647],[255 255 254]
213,,68.25,9.321941800299703,84.81613862905593,10.224570425985165,8.816642982649293,33.59188309203678,[70 63 57],[186.02564103 174.6007326  170.94871795],[222 210 206]
214,,19.25,4.950743503369154,84.81613862905593,6.962912953282195,3.7177645220498285,17.863961030678926,[139 138 140],[209.02597403 208.07792208 211.72727273],[251 245 251]
215,,30.25,6.206085419025319,84.81613862905593,9.286044455759098,4.5273679882478834,23.899494936611667,[ 98  90 100],[221.02479339 222.47933884 227.47107438],[252 255 255]
216,,11.75,3.8678889139475245,84.81613862905593,4.321902241803745,3.7351452985333125,12.363961030678928,[204 199 198],[226.27659574 219.91489362 221.46808511],[255 252 252]
217,,7.0,2.985410660720923,84.81613862905593,3.6226627156559816,2.5099370980865503,8.828427124746192,[205 206 212],[234.07142857 231.75       237.07142857],[255 254 255]
218,,53.5,8.253382073025046,84.81613862905593,12.585988335040481,6.293669761031126,36.488329701443504,[57 60 64],[223.92523364 224.32242991 228.38785047],[255 255 255]
219,,14.0,4.222008245644752,84.81613862905593,5.27155782457474,3.4679972077233683,13.65685424949238,[162 156 161],[207.51785714 203.58928571 204.69642857],[254 252 251]
220,,106.0,11.617374563210365,84.81613862905593,15.09196400034693,9.686632849927719,46.298989873223334,[162 161 163],[239.14150943 240.7759434  244.54481132],[255 255 255]
221,,10.25,3.6125759969217834,84.81613862905593,5.355598357624556,2.560026401985824,12.9675144212722,[60 54 49],[182.53658537 174.53658537 173.12195122],[227 218 215]
222,,9.0,3.385137501286538,84.81613862905593,3.965118528859605,3.1200360856168046,11.13908729652601,[92 93 91],[168.         166.25       167.27777778],[226 212 213]
223,,77.75,9.949591680222808,84.81613862905593,11.86058963960819,8.688165982894432,35.970562748477136,[132 123 126],[230.50803859 227.40514469 229.22508039],[255 254 255]
224,,12.0,3.9088200952233594,84.81613862905593,5.197480499330807,3.1721578378077084,13.363961030678928,[181 177 176],[230.4375     223.125      226.97916667],[255 253 255]
225,,33.25,6.506551687525748,84.81613862905593,10.912135737183073,4.477615757964587,27.98832970144351,[156 161 166],[234.02255639 236.83458647 241.09774436],[255 255 255]
226,,26.75,5.836022431559495,84.81613862905593,8.611377616598366,4.652572301025273,24.14213562373095,[122 111 114],[197.75700935 188.26168224 188.04672897],[254 247 252]
227,,14.75,4.3336224206596095,84.81613862905593,6.1153811378276455,3.442053546079768,15.48528137423857,[191 178 176],[238.93220339 235.47457627 236.93220339],[255 255 255]
228,,113.0,11.994835078277376,84.81613862905593,13.526630343260987,10.983149573606967,44.45584412271571,[130 133 138],[221.81858407 225.18362832 230.27212389],[255 255 255]
229,,69.0,9.373021315815206,84.81613862905593,16.137498589536037,7.844992651309713,42.50609665440987,[114 102  99],[171.83695652 164.33333333 165.80797101],[230 218 218]
230,,12.5,3.989422804014327,84.81613862905593,4.4153549047289555,3.7821476789366595,12.535533905932738,[115 106 116],[225.52 224.   229.22],[255 252 255]
231,,111.0,11.888212206450685,84.81613862905593,17.198976274356827,8.381714900023965,43.384776310850235,[112 104 105],[240.85135135 238.30405405 238.97072072],[255 255 255]
232,,78.25,9.981532666656284,84.81613862905593,16.737514886106492,6.247767684635605,40.384776310850235,[88 83 84],[158.03833866 149.73801917 152.07348243],[197 180 187]
233,,7.5,3.0901936161855166,84.81613862905593,4.046470855136116,2.3625471792304062,9.535533905932738,[141 139 147],[164.63333333 158.93333333 165.8       ],[188 179 186]
234,,17.25,4.686510657907603,84.81613862905593,7.980620525089716,2.836527086173014,17.31370849898476,[151 135 152],[191.33333333 191.50724638 200.47826087],[227 223 228]
235,,33.75,6.555290583552474,84.81613862905593,8.584937167927208,5.468636656583326,24.31370849898476,[72 82 89],[189.51111111 193.78518519 203.80740741],[234 239 248]
236,,132.75,13.000867261978827,84.81613862905593,17.024625913451654,10.603219788507879,49.57716446627535,[156 154 160],[224.44632768 224.5386064  227.79284369],[255 255 255]
237,,27.0,5.863230142835039,84.81613862905593,8.515205054592618,4.184676340459253,22.020815280171306,[123 115 116],[157.18518519 150.97222222 152.47222222],[176 171 172]
238,,16.0,4.51351666838205,84.81613862905593,6.630209915842648,3.6879348349532735,18.52081528017131,[118 113 115],[163.875    153.125    154.515625],[193 180 181]
239,,140.25,13.363077719938119,84.81613862905593,17.790450564798903,11.379568877318247,55.81980515339464,[87 90 95],[168.01782531 168.65062389 174.35472371],[219 217 223]
240,,7.5,3.0901936161855166,84.81613862905593,4.028649770826033,2.4260124854540446,9.535533905932738,[224 211 215],[243.06666667 240.         239.53333333],[255 255 255]
241,,1.0,1.1283791670955126,84.81613862905593,1.618033988749895,0.6180339887498949,2.2071067811865475,[202 192 198],[207.   202.25 206.5 ],[212 209 213]
242,,21.5,5.232078956954491,84.81613862905593,7.580282370280886,4.474384831401417,21.69238815542512,[106 109 117],[168.23255814 164.6744186  171.38372093],[234 228 239]
243,,3.25,2.0342144725641096,84.81613862905593,3.299562655277129,1.5386111119197823,5.82842712474619,[38 44 51],[137.46153846 140.46153846 150.        ],[174 174 186]
244,,8.25,3.2410224072142872,84.81613862905593,3.6185006839768072,3.006745874248296,9.949747468305832,[224 226 227],[246.90909091 246.15151515 247.45454545],[255 255 255]
245,,12.25,3.949327084834294,84.81613862905593,5.273646115398077,3.225326978349412,13.863961030678928,[154 150 149],[221.57142857 218.04081633 220.28571429],[255 254 255]
246,,18.0,4.787307364817192,84.81613862905593,7.007882134166301,3.5275487720670546,17.485281374238568,[167 170 184],[224.77777778 226.77777778 234.01388889],[255 255 255]
247,,12.25,3.949327084834294,84.81613862905593,5.747898894078463,2.8292325983597575,13.949747468305832,[138 131 134],[154.16326531 147.53061224 150.46938776],[183 168 172]
248,,19.5,4.982787485166879,84.81613862905593,6.572147498388084,3.989488185714377,17.020815280171306,[95 90 89],[213.20512821 203.84615385 204.1025641 ],[255 255 254]
249,,5.0,2.5231325220201604,84.81613862905593,2.8397912274820793,2.281575285699735,7.121320343559643,[215 225 232],[246.2  247.95 250.15],[255 255 255]
250,,72.75,9.624353322664494,84.81613862905593,10.845339388144092,8.771191654032405,33.72792206135785,[88 84 89],[229.87285223 228.45017182 230.5395189 ],[255 255 255]
251,,23.75,5.499039842323396,84.81613862905593,5.791187210287159,5.631735462911526,18.899494936611664,[149 147 153],[217.86315789 220.49473684 227.63157895],[253 255 255]
252,,15.25,4.406461512053774,84.81613862905593,5.595573665150681,3.5241644991396277,14.363961030678928,[166 159 156],[211.24590164 207.55737705 211.16393443],[255 251 255]
253,,5.25,2.5854414729132054,84.81613862905593,2.9831307999854713,2.4960333192604454,8.224873734152915,[112 104 105],[186.0952381  176.52380952 174.61904762],[243 234 231]
254,,17.0,4.652426491681278,84.81613862905593,5.894839720367705,3.8851370988308163,15.363961030678926,[140 139 141],[189.45588235 183.66176471 186.51470588],[230 227 229]
255,,5.0,2.5231325220201604,84.81613862905593,2.8397912274820793,2.281575285699735,7.121320343559643,[205 205 204],[236.7  234.15 234.  ],[255 255 255]
256,,10.5,3.656366395715726,84.81613862905593,4.43758735415085,3.0892792264021,11.242640687119284,[215 211 214],[240.95238095 236.71428571 238.47619048],[255 255 255]
257,,12.0,3.9088200952233594,84.81613862905593,5.458695433430767,3.1674130258229978,14.071067811865476,[123 117 122],[224.1875     228.39583333 236.25      ],[251 254 255]
258,,14.75,4.3336224206596095,84.81613862905593,8.227473909297576,4.634485070752013,21.50304832720494,[117 113 125],[147.57627119 146.44067797 154.3220339 ],[181 180 190]
259,,59.0,8.667244841319219,84.81613862905593,11.770624326664771,7.307371436226553,38.50609665440988,[83 92 96],[223.95762712 225.20762712 230.51694915],[255 254 255]
260,,4.0,2.256758334191025,84.81613862905593,3.191222359942303,1.6920327565990794,6.621320343559642,[129 132 137],[135.8125 140.9375 148.3125],[153 153 159]
261,,22.75,5.382025607773058,84.81613862905593,6.214890820666138,4.846981923397386,17.77817459305202,[206 208 213],[230.50549451 229.98901099 232.18681319],[255 255 255]
262,,109.25,11.794126515444734,84.81613862905593,12.927187428832653,11.084381695416997,42.71320343559643,[91 86 85],[208.14187643 200.98627002 200.09153318],[255 245 239]
263,,7.25,3.0382538898732494,84.81613862905593,3.1680013234346664,3.004461320893833,9.035533905932738,[177 172 171],[223.65517241 217.44827586 219.51724138],[255 254 255]
264,,18.0,4.787307364817192,84.81613862905593,7.565687762428157,3.228494590892193,17.98528137423857,[150 152 160],[228.61111111 227.38888889 231.13888889],[255 254 255]
265,,9.5,3.477898169151024,84.81613862905593,5.022332075786419,2.665154841021634,11.449747468305832,[149 138 136],[168.10526316 156.47368421 155.02631579],[197 189 190]
266,,24.5,5.585191925620057,84.81613862905593,7.419122197086774,4.598084575094437,21.50304832720494,[171 170 180],[212.60204082 218.15306122 229.65306122],[255 253 255]
267,,7.5,3.0901936161855166,84.81613862905593,3.321854876314297,3.1987414474092137,9.949747468305832,[60 51 54],[186.73333333 180.96666667 183.6       ],[230 225 234]
268,,16.5,4.583497844237541,84.81613862905593,7.560014574539138,3.516782487363438,19.606601717798213,[110 113 124],[181.51515152 183.72727273 193.24242424],[249 242 247]
269,,9.25,3.431831258788849,84.81613862905593,3.739700780302836,3.1728900402435287,10.242640687119284,[176 176 188],[229.59459459 229.18918919 236.78378378],[255 253 255]
270,,73.25,9.657370069115643,84.81613862905593,13.681872733158285,7.04063473552297,35.55634918610404,[92 91 93],[177.89419795 176.6109215  178.98634812],[221 218 220]
271,,24.25,5.556622981616415,84.81613862905593,8.612896690996982,4.241483958096371,24.538582233137674,[156 156 162],[222.30927835 222.39175258 228.18556701],[255 254 255]
272,,9.75,3.523362819972964,84.81613862905593,5.01857458541982,2.8381680282326998,12.053300858899107,[150 144 145],[164.92307692 159.20512821 161.33333333],[185 176 179]
273,,15.5,4.442433223290478,84.81613862905593,5.771681456219279,3.4419329344225305,13.949747468305834,[147 133 135],[173.91935484 162.33870968 164.12903226],[195 180 185]
274,,16.0,4.51351666838205,84.81613862905593,5.49094201084011,3.7812429201376587,14.242640687119284,[147 138 135],[174.796875 160.984375 158.171875],[204 189 186]
275,,14.0,4.222008245644752,84.81613862905593,5.048740792526005,3.8642477000620588,14.656854249492381,[127 125 131],[152.30357143 148.71428571 157.53571429],[177 173 184]
276,,18.25,4.820437914901168,84.81613862905593,6.722134999096217,3.7540732795321445,16.967514421272202,[138 141 146],[218.75342466 223.64383562 229.60273973],[253 254 255]
277,,7.5,3.0901936161855166,84.81613862905593,3.7093892392381838,2.572588045063132,9.121320343559642,[139 137 143],[169.93333333 162.6        168.1       ],[198 183 188]
278,,11.0,3.742410318509555,84.81613862905593,7.380374357614369,2.461083876181492,15.053300858899107,[142 148 153],[219.84090909 221.84090909 227.81818182],[255 254 255]
279,,6.0,2.763953195770684,84.81613862905593,2.82842712474619,2.8161242081193003,8.242640687119286,[137 130 133],[165.45833333 160.625      162.79166667],[184 179 181]
